Channel,FEC Mode,Modulation,Bits/Symbol,Code Rate,SNR (dB),Pre-FEC BER,Post-FEC BER,BER Reduction,Eff. Throughput,Score
AWGN,No FEC,BPSK,1,1.0,0,0.0789,0.0789,0.0,0.9211,11.6743
AWGN,No FEC,BPSK,1,1.0,2,0.0331,0.0331,0.0,0.9669,29.2115
AWGN,No FEC,BPSK,1,1.0,4,0.0126,0.0126,0.0,0.9874,78.3651
AWGN,No FEC,BPSK,1,1.0,6,0.0023,0.0023,0.0,0.9977,433.7824
AWGN,No FEC,BPSK,1,1.0,8,0.0001,0.0001,0.0,0.9999,9998.9
AWGN,No FEC,BPSK,1,1.0,10,0.0,0.0,0.0,1.0,1000000000.0
AWGN,No FEC,BPSK,1,1.0,12,0.0,0.0,0.0,1.0,1000000000.0
AWGN,No FEC,BPSK,1,1.0,14,0.0,0.0,0.0,1.0,1000000000.0
AWGN,No FEC,BPSK,1,1.0,16,0.0,0.0,0.0,1.0,1000000000.0
AWGN,No FEC,BPSK,1,1.0,18,0.0,0.0,0.0,1.0,1000000000.0
AWGN,No FEC,BPSK,1,1.0,20,0.0,0.0,0.0,1.0,1000000000.0
AWGN,No FEC,QPSK,2,1.0,0,0.1593,0.1593,0.0,1.6814,10.5549
AWGN,No FEC,QPSK,2,1.0,2,0.1093,0.1093,0.0,1.7814,16.2983
AWGN,No FEC,QPSK,2,1.0,4,0.0566,0.0566,0.0,1.8868,33.3357
AWGN,No FEC,QPSK,2,1.0,6,0.0222,0.0222,0.0,1.9556,88.0901
AWGN,No FEC,QPSK,2,1.0,8,0.0044,0.0044,0.0,1.9912,452.5454
AWGN,No FEC,QPSK,2,1.0,10,0.0004,0.0004,0.0,1.9992,4997.9875
AWGN,No FEC,QPSK,2,1.0,12,0.0001,0.0001,0.0,1.9998,19997.8
AWGN,No FEC,QPSK,2,1.0,14,0.0,0.0,0.0,2.0,2000000000.0
AWGN,No FEC,QPSK,2,1.0,16,0.0,0.0,0.0,2.0,2000000000.0
AWGN,No FEC,QPSK,2,1.0,18,0.0,0.0,0.0,2.0,2000000000.0
AWGN,No FEC,QPSK,2,1.0,20,0.0,0.0,0.0,2.0,2000000000.0
AWGN,No FEC,16-QAM,4,1.0,0,0.2833,0.2833,0.0,2.8668,10.1193
AWGN,No FEC,16-QAM,4,1.0,2,0.2353,0.2353,0.0,3.0588,12.9996
AWGN,No FEC,16-QAM,4,1.0,4,0.19,0.19,0.0,3.24,17.0526
AWGN,No FEC,16-QAM,4,1.0,6,0.1387,0.1387,0.0,3.4452,24.8392
AWGN,No FEC,16-QAM,4,1.0,8,0.1024,0.1024,0.0,3.5904,35.0625
AWGN,No FEC,16-QAM,4,1.0,10,0.0647,0.0647,0.0,3.7412,57.8238
AWGN,No FEC,16-QAM,4,1.0,12,0.0246,0.0246,0.0,3.9016,158.6016
AWGN,No FEC,16-QAM,4,1.0,14,0.0096,0.0096,0.0,3.9616,412.6666
AWGN,No FEC,16-QAM,4,1.0,16,0.0015,0.0015,0.0,3.994,2662.6649
AWGN,No FEC,16-QAM,4,1.0,18,0.0002,0.0002,0.0,3.9992,19995.9
AWGN,No FEC,16-QAM,4,1.0,20,0.0,0.0,0.0,4.0,4000000000.0
AWGN,No FEC,64-QAM,6,1.0,0,0.360744,0.360744,0.0,3.8355,10.6323
AWGN,No FEC,64-QAM,6,1.0,2,0.339436,0.339436,0.0,3.9634,11.6764
AWGN,No FEC,64-QAM,6,1.0,4,0.323629,0.323629,0.0,4.0582,12.5397
AWGN,No FEC,64-QAM,6,1.0,6,0.303321,0.303321,0.0,4.1801,13.781
AWGN,No FEC,64-QAM,6,1.0,8,0.279612,0.279612,0.0,4.3223,15.4583
AWGN,No FEC,64-QAM,6,1.0,10,0.242597,0.242597,0.0,4.5444,18.7324
AWGN,No FEC,64-QAM,6,1.0,12,0.223589,0.223589,0.0,4.6585,20.8349
AWGN,No FEC,64-QAM,6,1.0,14,0.198379,0.198379,0.0,4.8097,24.2451
AWGN,No FEC,64-QAM,6,1.0,16,0.172669,0.172669,0.0,4.964,28.7486
AWGN,No FEC,64-QAM,6,1.0,18,0.160964,0.160964,0.0,5.0342,31.2753
AWGN,No FEC,64-QAM,6,1.0,20,0.161265,0.161265,0.0,5.0324,31.206
AWGN,"Hamming(7,4)",BPSK,1,0.5714,0,0.080743,0.1128,-0.032057,0.507,4.4944
AWGN,"Hamming(7,4)",BPSK,1,0.5714,2,0.0368,0.0535,-0.0167,0.5409,10.1095
AWGN,"Hamming(7,4)",BPSK,1,0.5714,4,0.012743,0.0181,-0.005357,0.5611,30.9992
AWGN,"Hamming(7,4)",BPSK,1,0.5714,6,0.002171,0.0034,-0.001229,0.5695,167.4957
AWGN,"Hamming(7,4)",BPSK,1,0.5714,8,0.000171,0.0003,-0.000129,0.5713,1904.1841
AWGN,"Hamming(7,4)",BPSK,1,0.5714,10,0.0,0.0,0.0,0.5714,571428571.4286
AWGN,"Hamming(7,4)",BPSK,1,0.5714,12,0.0,0.0,0.0,0.5714,571428571.4286
AWGN,"Hamming(7,4)",BPSK,1,0.5714,14,0.0,0.0,0.0,0.5714,571428571.4286
AWGN,"Hamming(7,4)",BPSK,1,0.5714,16,0.0,0.0,0.0,0.5714,571428571.4286
AWGN,"Hamming(7,4)",BPSK,1,0.5714,18,0.0,0.0,0.0,0.5714,571428571.4286
AWGN,"Hamming(7,4)",BPSK,1,0.5714,20,0.0,0.0,0.0,0.5714,571428571.4286
AWGN,"Hamming(7,4)",QPSK,2,0.5714,0,0.1576,0.2004,-0.0428,0.9138,4.56
AWGN,"Hamming(7,4)",QPSK,2,0.5714,2,0.106457,0.1454,-0.038943,0.9767,6.7172
AWGN,"Hamming(7,4)",QPSK,2,0.5714,4,0.056514,0.0818,-0.025286,1.0494,12.8285
AWGN,"Hamming(7,4)",QPSK,2,0.5714,6,0.023886,0.0355,-0.011614,1.1023,31.0503
AWGN,"Hamming(7,4)",QPSK,2,0.5714,8,0.0064,0.0096,-0.0032,1.1319,117.9047
AWGN,"Hamming(7,4)",QPSK,2,0.5714,10,0.000914,0.0016,-0.000686,1.141,713.1424
AWGN,"Hamming(7,4)",QPSK,2,0.5714,12,0.000114,0.0002,-8.6e-05,1.1426,5713.1143
AWGN,"Hamming(7,4)",QPSK,2,0.5714,14,0.0,0.0,0.0,1.1429,1142857142.8571
AWGN,"Hamming(7,4)",QPSK,2,0.5714,16,0.0,0.0,0.0,1.1429,1142857142.8571
AWGN,"Hamming(7,4)",QPSK,2,0.5714,18,0.0,0.0,0.0,1.1429,1142857142.8571
AWGN,"Hamming(7,4)",QPSK,2,0.5714,20,0.0,0.0,0.0,1.1429,1142857142.8571
AWGN,"Hamming(7,4)",16-QAM,4,0.5714,0,0.292343,0.3327,-0.040357,1.5253,4.5845
AWGN,"Hamming(7,4)",16-QAM,4,0.5714,2,0.241543,0.2937,-0.052157,1.6144,5.4968
AWGN,"Hamming(7,4)",16-QAM,4,0.5714,4,0.183886,0.2325,-0.048614,1.7543,7.5453
AWGN,"Hamming(7,4)",16-QAM,4,0.5714,6,0.146171,0.1892,-0.043029,1.8533,9.7952
AWGN,"Hamming(7,4)",16-QAM,4,0.5714,8,0.099771,0.1356,-0.035829,1.9758,14.5706
AWGN,"Hamming(7,4)",16-QAM,4,0.5714,10,0.057314,0.0811,-0.023786,2.1003,25.8982
AWGN,"Hamming(7,4)",16-QAM,4,0.5714,12,0.027143,0.0398,-0.012657,2.1947,55.1443
AWGN,"Hamming(7,4)",16-QAM,4,0.5714,14,0.009143,0.0135,-0.004357,2.2549,167.0264
AWGN,"Hamming(7,4)",16-QAM,4,0.5714,16,0.001771,0.0028,-0.001029,2.2793,814.0405
AWGN,"Hamming(7,4)",16-QAM,4,0.5714,18,0.000171,0.0003,-0.000129,2.285,7616.7365
AWGN,"Hamming(7,4)",16-QAM,4,0.5714,20,0.0,0.0,0.0,2.2857,2285714285.7143
AWGN,"Hamming(7,4)",64-QAM,6,0.5714,0,0.371399,0.4017,-0.030301,2.0513,5.1066
AWGN,"Hamming(7,4)",64-QAM,6,0.5714,2,0.351795,0.3817,-0.029905,2.1199,5.5538
AWGN,"Hamming(7,4)",64-QAM,6,0.5714,4,0.329561,0.3564,-0.026839,2.2066,6.1914
AWGN,"Hamming(7,4)",64-QAM,6,0.5714,6,0.306813,0.3518,-0.044987,2.2224,6.3172
AWGN,"Hamming(7,4)",64-QAM,6,0.5714,8,0.28115,0.3181,-0.03695,2.3379,7.3497
AWGN,"Hamming(7,4)",64-QAM,6,0.5714,10,0.247485,0.2909,-0.043415,2.4312,8.3575
AWGN,"Hamming(7,4)",64-QAM,6,0.5714,12,0.217535,0.2603,-0.042765,2.5361,9.743
AWGN,"Hamming(7,4)",64-QAM,6,0.5714,14,0.194387,0.2432,-0.048813,2.5947,10.6692
AWGN,"Hamming(7,4)",64-QAM,6,0.5714,16,0.174954,0.212,-0.037046,2.7017,12.7439
AWGN,"Hamming(7,4)",64-QAM,6,0.5714,18,0.163352,0.2013,-0.037948,2.7384,13.6036
AWGN,"Hamming(7,4)",64-QAM,6,0.5714,20,0.153635,0.1903,-0.036665,2.7761,14.5881
AWGN,Conv R=1/2,BPSK,1,0.5,0,0.079984,0.0297,0.050284,0.4852,16.335
AWGN,Conv R=1/2,BPSK,1,0.5,2,0.037193,0.0018,0.035393,0.4991,277.2776
AWGN,Conv R=1/2,BPSK,1,0.5,4,0.013197,0.0001,0.013097,0.5,4999.45
AWGN,Conv R=1/2,BPSK,1,0.5,6,0.00205,0.0,0.00205,0.5,500000000.0
AWGN,Conv R=1/2,BPSK,1,0.5,8,0.0002,0.0,0.0002,0.5,500000000.0
AWGN,Conv R=1/2,BPSK,1,0.5,10,0.0,0.0,0.0,0.5,500000000.0
AWGN,Conv R=1/2,BPSK,1,0.5,12,0.0,0.0,0.0,0.5,500000000.0
AWGN,Conv R=1/2,BPSK,1,0.5,14,0.0,0.0,0.0,0.5,500000000.0
AWGN,Conv R=1/2,BPSK,1,0.5,16,0.0,0.0,0.0,0.5,500000000.0
AWGN,Conv R=1/2,BPSK,1,0.5,18,0.0,0.0,0.0,0.5,500000000.0
AWGN,Conv R=1/2,BPSK,1,0.5,20,0.0,0.0,0.0,0.5,500000000.0
AWGN,Conv R=1/2,QPSK,2,0.5,0,0.162218,0.2059,-0.043682,0.7941,3.8567
AWGN,Conv R=1/2,QPSK,2,0.5,2,0.103529,0.0743,0.029229,0.9257,12.459
AWGN,Conv R=1/2,QPSK,2,0.5,4,0.056039,0.0105,0.045539,0.9895,94.2381
AWGN,Conv R=1/2,QPSK,2,0.5,6,0.022146,0.0011,0.021046,0.9989,908.0901
AWGN,Conv R=1/2,QPSK,2,0.5,8,0.006899,0.0,0.006899,1.0,1000000000.0
AWGN,Conv R=1/2,QPSK,2,0.5,10,0.00055,0.0,0.00055,1.0,1000000000.0
AWGN,Conv R=1/2,QPSK,2,0.5,12,5e-05,0.0,5e-05,1.0,1000000000.0
AWGN,Conv R=1/2,QPSK,2,0.5,14,0.0,0.0,0.0,1.0,1000000000.0
AWGN,Conv R=1/2,QPSK,2,0.5,16,0.0,0.0,0.0,1.0,1000000000.0
AWGN,Conv R=1/2,QPSK,2,0.5,18,0.0,0.0,0.0,1.0,1000000000.0
AWGN,Conv R=1/2,QPSK,2,0.5,20,0.0,0.0,0.0,1.0,1000000000.0
AWGN,Conv R=1/2,16-QAM,4,0.5,0,0.285743,0.4287,-0.142957,1.1426,2.6653
AWGN,Conv R=1/2,16-QAM,4,0.5,2,0.236353,0.3776,-0.141247,1.2448,3.2966
AWGN,Conv R=1/2,16-QAM,4,0.5,4,0.190362,0.2943,-0.103938,1.4114,4.7958
AWGN,Conv R=1/2,16-QAM,4,0.5,6,0.145421,0.1789,-0.033479,1.6422,9.1794
AWGN,Conv R=1/2,16-QAM,4,0.5,8,0.09853,0.0626,0.03593,1.8748,29.9489
AWGN,Conv R=1/2,16-QAM,4,0.5,10,0.057988,0.0096,0.048388,1.9808,206.3333
AWGN,Conv R=1/2,16-QAM,4,0.5,12,0.028344,0.001,0.027344,1.998,1997.998
AWGN,Conv R=1/2,16-QAM,4,0.5,14,0.010248,0.0,0.010248,2.0,2000000000.0
AWGN,Conv R=1/2,16-QAM,4,0.5,16,0.00145,0.0,0.00145,2.0,2000000000.0
AWGN,Conv R=1/2,16-QAM,4,0.5,18,0.00015,0.0,0.00015,2.0,2000000000.0
AWGN,Conv R=1/2,16-QAM,4,0.5,20,0.0,0.0,0.0,2.0,2000000000.0
AWGN,Conv R=1/2,64-QAM,6,0.5,0,0.369876,0.4591,-0.089224,1.6227,3.5345
AWGN,Conv R=1/2,64-QAM,6,0.5,2,0.35038,0.4474,-0.09702,1.6578,3.7054
AWGN,Conv R=1/2,64-QAM,6,0.5,4,0.331734,0.4297,-0.097966,1.7109,3.9816
AWGN,Conv R=1/2,64-QAM,6,0.5,6,0.308538,0.377,-0.068462,1.869,4.9576
AWGN,Conv R=1/2,64-QAM,6,0.5,8,0.272545,0.3442,-0.071655,1.9674,5.7159
AWGN,Conv R=1/2,64-QAM,6,0.5,10,0.244201,0.2872,-0.042999,2.1384,7.4457
AWGN,Conv R=1/2,64-QAM,6,0.5,12,0.220356,0.2482,-0.027844,2.2554,9.087
AWGN,Conv R=1/2,64-QAM,6,0.5,14,0.194011,0.202,-0.007989,2.394,11.8515
AWGN,Conv R=1/2,64-QAM,6,0.5,16,0.170916,0.1703,0.000616,2.4891,14.616
AWGN,Conv R=1/2,64-QAM,6,0.5,18,0.157019,0.1434,0.013619,2.5698,17.9205
AWGN,Conv R=1/2,64-QAM,6,0.5,20,0.147121,0.1213,0.025821,2.6361,21.7321
Rayleigh,No FEC,BPSK,1,1.0,0,0.14,0.14,0.0,0.86,6.1429
Rayleigh,No FEC,BPSK,1,1.0,2,0.1118,0.1118,0.0,0.8882,7.9445
Rayleigh,No FEC,BPSK,1,1.0,4,0.0773,0.0773,0.0,0.9227,11.9366
Rayleigh,No FEC,BPSK,1,1.0,6,0.0588,0.0588,0.0,0.9412,16.0068
Rayleigh,No FEC,BPSK,1,1.0,8,0.036,0.036,0.0,0.964,26.7778
Rayleigh,No FEC,BPSK,1,1.0,10,0.024,0.024,0.0,0.976,40.6667
Rayleigh,No FEC,BPSK,1,1.0,12,0.0153,0.0153,0.0,0.9847,64.3595
Rayleigh,No FEC,BPSK,1,1.0,14,0.011,0.011,0.0,0.989,89.9091
Rayleigh,No FEC,BPSK,1,1.0,16,0.005,0.005,0.0,0.995,199.0
Rayleigh,No FEC,BPSK,1,1.0,18,0.0051,0.0051,0.0,0.9949,195.0784
Rayleigh,No FEC,BPSK,1,1.0,20,0.0022,0.0022,0.0,0.9978,453.5452
Rayleigh,No FEC,QPSK,2,1.0,0,0.2119,0.2119,0.0,1.5762,7.4384
Rayleigh,No FEC,QPSK,2,1.0,2,0.171,0.171,0.0,1.658,9.6959
Rayleigh,No FEC,QPSK,2,1.0,4,0.1266,0.1266,0.0,1.7468,13.7978
Rayleigh,No FEC,QPSK,2,1.0,6,0.095,0.095,0.0,1.81,19.0526
Rayleigh,No FEC,QPSK,2,1.0,8,0.0659,0.0659,0.0,1.8682,28.349
Rayleigh,No FEC,QPSK,2,1.0,10,0.0462,0.0462,0.0,1.9076,41.29
Rayleigh,No FEC,QPSK,2,1.0,12,0.027,0.027,0.0,1.946,72.0741
Rayleigh,No FEC,QPSK,2,1.0,14,0.0173,0.0173,0.0,1.9654,113.6069
Rayleigh,No FEC,QPSK,2,1.0,16,0.0113,0.0113,0.0,1.9774,174.9911
Rayleigh,No FEC,QPSK,2,1.0,18,0.0071,0.0071,0.0,1.9858,279.6901
Rayleigh,No FEC,QPSK,2,1.0,20,0.0037,0.0037,0.0,1.9926,538.5404
Rayleigh,No FEC,16-QAM,4,1.0,0,0.3186,0.3186,0.0,2.7256,8.5549
Rayleigh,No FEC,16-QAM,4,1.0,2,0.2731,0.2731,0.0,2.9076,10.6466
Rayleigh,No FEC,16-QAM,4,1.0,4,0.2446,0.2446,0.0,3.0216,12.3532
Rayleigh,No FEC,16-QAM,4,1.0,6,0.1992,0.1992,0.0,3.2032,16.0803
Rayleigh,No FEC,16-QAM,4,1.0,8,0.1504,0.1504,0.0,3.3984,22.5957
Rayleigh,No FEC,16-QAM,4,1.0,10,0.1215,0.1215,0.0,3.514,28.9218
Rayleigh,No FEC,16-QAM,4,1.0,12,0.0891,0.0891,0.0,3.6436,40.8934
Rayleigh,No FEC,16-QAM,4,1.0,14,0.0578,0.0578,0.0,3.7688,65.2042
Rayleigh,No FEC,16-QAM,4,1.0,16,0.0437,0.0437,0.0,3.8252,87.5332
Rayleigh,No FEC,16-QAM,4,1.0,18,0.031,0.031,0.0,3.876,125.0323
Rayleigh,No FEC,16-QAM,4,1.0,20,0.0189,0.0189,0.0,3.9244,207.6402
Rayleigh,No FEC,64-QAM,6,1.0,0,0.384754,0.384754,0.0,3.6915,9.5944
Rayleigh,No FEC,64-QAM,6,1.0,2,0.371048,0.371048,0.0,3.7737,10.1704
Rayleigh,No FEC,64-QAM,6,1.0,4,0.342337,0.342337,0.0,3.946,11.5266
Rayleigh,No FEC,64-QAM,6,1.0,6,0.32623,0.32623,0.0,4.0426,12.3919
Rayleigh,No FEC,64-QAM,6,1.0,8,0.306523,0.306523,0.0,4.1609,13.5744
Rayleigh,No FEC,64-QAM,6,1.0,10,0.27431,0.27431,0.0,4.3541,15.8731
Rayleigh,No FEC,64-QAM,6,1.0,12,0.260904,0.260904,0.0,4.4346,16.9969
Rayleigh,No FEC,64-QAM,6,1.0,14,0.232193,0.232193,0.0,4.6068,19.8406
Rayleigh,No FEC,64-QAM,6,1.0,16,0.209984,0.209984,0.0,4.7401,22.5736
Rayleigh,No FEC,64-QAM,6,1.0,18,0.196779,0.196779,0.0,4.8193,24.4911
Rayleigh,No FEC,64-QAM,6,1.0,20,0.17467,0.17467,0.0,4.952,28.3505
Rayleigh,"Hamming(7,4)",BPSK,1,0.5714,0,0.144229,0.1829,-0.038671,0.4669,2.5528
Rayleigh,"Hamming(7,4)",BPSK,1,0.5714,2,0.110743,0.151,-0.040257,0.4851,3.2129
Rayleigh,"Hamming(7,4)",BPSK,1,0.5714,4,0.075714,0.107,-0.031286,0.5103,4.769
Rayleigh,"Hamming(7,4)",BPSK,1,0.5714,6,0.051543,0.0739,-0.022357,0.5292,7.161
Rayleigh,"Hamming(7,4)",BPSK,1,0.5714,8,0.035657,0.0514,-0.015743,0.5421,10.5459
Rayleigh,"Hamming(7,4)",BPSK,1,0.5714,10,0.023086,0.0346,-0.011514,0.5517,15.9438
Rayleigh,"Hamming(7,4)",BPSK,1,0.5714,12,0.014,0.0203,-0.0063,0.5598,27.5778
Rayleigh,"Hamming(7,4)",BPSK,1,0.5714,14,0.010514,0.0165,-0.005986,0.562,34.0606
Rayleigh,"Hamming(7,4)",BPSK,1,0.5714,16,0.005886,0.0081,-0.002214,0.5668,69.9753
Rayleigh,"Hamming(7,4)",BPSK,1,0.5714,18,0.003714,0.005,-0.001286,0.5686,113.7143
Rayleigh,"Hamming(7,4)",BPSK,1,0.5714,20,0.003143,0.0049,-0.001757,0.5686,116.0466
Rayleigh,"Hamming(7,4)",QPSK,2,0.5714,0,0.213371,0.2603,-0.046929,0.8454,3.2477
Rayleigh,"Hamming(7,4)",QPSK,2,0.5714,2,0.165371,0.2107,-0.045329,0.9021,4.2812
Rayleigh,"Hamming(7,4)",QPSK,2,0.5714,4,0.130743,0.1733,-0.042557,0.9448,5.4518
Rayleigh,"Hamming(7,4)",QPSK,2,0.5714,6,0.090514,0.1214,-0.030886,1.0041,8.2711
Rayleigh,"Hamming(7,4)",QPSK,2,0.5714,8,0.065771,0.091,-0.025229,1.0389,11.416
Rayleigh,"Hamming(7,4)",QPSK,2,0.5714,10,0.045657,0.0654,-0.019743,1.0681,16.332
Rayleigh,"Hamming(7,4)",QPSK,2,0.5714,12,0.029029,0.0408,-0.011771,1.0962,26.8683
Rayleigh,"Hamming(7,4)",QPSK,2,0.5714,14,0.018286,0.0259,-0.007614,1.1133,42.9829
Rayleigh,"Hamming(7,4)",QPSK,2,0.5714,16,0.013086,0.0191,-0.006014,1.121,58.6926
Rayleigh,"Hamming(7,4)",QPSK,2,0.5714,18,0.008971,0.013,-0.004029,1.128,86.7692
Rayleigh,"Hamming(7,4)",QPSK,2,0.5714,20,0.005771,0.0096,-0.003829,1.1319,117.9047
Rayleigh,"Hamming(7,4)",16-QAM,4,0.5714,0,0.319714,0.3505,-0.030786,1.4846,4.2356
Rayleigh,"Hamming(7,4)",16-QAM,4,0.5714,2,0.277086,0.3237,-0.046614,1.5458,4.7755
Rayleigh,"Hamming(7,4)",16-QAM,4,0.5714,4,0.2356,0.2816,-0.046,1.6421,5.8312
Rayleigh,"Hamming(7,4)",16-QAM,4,0.5714,6,0.202457,0.2467,-0.044243,1.7218,6.9794
Rayleigh,"Hamming(7,4)",16-QAM,4,0.5714,8,0.155886,0.1999,-0.044014,1.8288,9.1486
Rayleigh,"Hamming(7,4)",16-QAM,4,0.5714,10,0.124857,0.1628,-0.037943,1.9136,11.7543
Rayleigh,"Hamming(7,4)",16-QAM,4,0.5714,12,0.0896,0.1184,-0.0288,2.0151,17.0193
Rayleigh,"Hamming(7,4)",16-QAM,4,0.5714,14,0.063314,0.0866,-0.023286,2.0878,24.1082
Rayleigh,"Hamming(7,4)",16-QAM,4,0.5714,16,0.038629,0.052,-0.013371,2.1669,41.6703
Rayleigh,"Hamming(7,4)",16-QAM,4,0.5714,18,0.027371,0.0384,-0.011029,2.1979,57.2381
Rayleigh,"Hamming(7,4)",16-QAM,4,0.5714,20,0.017886,0.0248,-0.006914,2.229,89.8802
Rayleigh,"Hamming(7,4)",64-QAM,6,0.5714,0,0.38243,0.4019,-0.01947,2.0506,5.1023
Rayleigh,"Hamming(7,4)",64-QAM,6,0.5714,2,0.367627,0.3976,-0.029973,2.0654,5.1946
Rayleigh,"Hamming(7,4)",64-QAM,6,0.5714,4,0.343507,0.3751,-0.031593,2.1425,5.7118
Rayleigh,"Hamming(7,4)",64-QAM,6,0.5714,6,0.324303,0.3643,-0.039997,2.1795,5.9828
Rayleigh,"Hamming(7,4)",64-QAM,6,0.5714,8,0.300869,0.3423,-0.041431,2.255,6.5877
Rayleigh,"Hamming(7,4)",64-QAM,6,0.5714,10,0.277149,0.3206,-0.043451,2.3294,7.2657
Rayleigh,"Hamming(7,4)",64-QAM,6,0.5714,12,0.26126,0.3079,-0.04664,2.3729,7.7068
Rayleigh,"Hamming(7,4)",64-QAM,6,0.5714,14,0.230281,0.2751,-0.044819,2.4854,9.0344
Rayleigh,"Hamming(7,4)",64-QAM,6,0.5714,16,0.208105,0.2499,-0.041795,2.5718,10.2912
Rayleigh,"Hamming(7,4)",64-QAM,6,0.5714,18,0.188729,0.2333,-0.044571,2.6287,11.2674
Rayleigh,"Hamming(7,4)",64-QAM,6,0.5714,20,0.180155,0.2228,-0.042645,2.6647,11.96
Rayleigh,Conv R=1/2,BPSK,1,0.5,0,0.14962,0.1811,-0.03148,0.4094,2.2609
Rayleigh,Conv R=1/2,BPSK,1,0.5,2,0.107628,0.0813,0.026328,0.4593,5.6501
Rayleigh,Conv R=1/2,BPSK,1,0.5,4,0.078034,0.0318,0.046234,0.4841,15.2233
Rayleigh,Conv R=1/2,BPSK,1,0.5,6,0.05224,0.0065,0.04574,0.4968,76.4231
Rayleigh,Conv R=1/2,BPSK,1,0.5,8,0.035843,0.0049,0.030943,0.4975,101.5408
Rayleigh,Conv R=1/2,BPSK,1,0.5,10,0.024745,0.0008,0.023945,0.4996,624.4992
Rayleigh,Conv R=1/2,BPSK,1,0.5,12,0.015097,0.0005,0.014597,0.4998,999.498
Rayleigh,Conv R=1/2,BPSK,1,0.5,14,0.009748,0.0002,0.009548,0.4999,2499.4875
Rayleigh,Conv R=1/2,BPSK,1,0.5,16,0.005999,0.0,0.005999,0.5,500000000.0
Rayleigh,Conv R=1/2,BPSK,1,0.5,18,0.004499,0.0,0.004499,0.5,500000000.0
Rayleigh,Conv R=1/2,BPSK,1,0.5,20,0.00185,0.0,0.00185,0.5,500000000.0
Rayleigh,Conv R=1/2,QPSK,2,0.5,0,0.213857,0.2871,-0.073243,0.7129,2.4831
Rayleigh,Conv R=1/2,QPSK,2,0.5,2,0.166667,0.1832,-0.016533,0.8168,4.4585
Rayleigh,Conv R=1/2,QPSK,2,0.5,4,0.123625,0.1098,0.013825,0.8902,8.1075
Rayleigh,Conv R=1/2,QPSK,2,0.5,6,0.091132,0.054,0.037132,0.946,17.5185
Rayleigh,Conv R=1/2,QPSK,2,0.5,8,0.061388,0.0197,0.041688,0.9803,49.7614
Rayleigh,Conv R=1/2,QPSK,2,0.5,10,0.043041,0.0074,0.035641,0.9926,134.1351
Rayleigh,Conv R=1/2,QPSK,2,0.5,12,0.028094,0.0029,0.025194,0.9971,343.8275
Rayleigh,Conv R=1/2,QPSK,2,0.5,14,0.018646,0.0009,0.017746,0.9991,1110.1099
Rayleigh,Conv R=1/2,QPSK,2,0.5,16,0.011398,0.0009,0.010498,0.9991,1110.1099
Rayleigh,Conv R=1/2,QPSK,2,0.5,18,0.008748,0.0002,0.008548,0.9998,4998.975
Rayleigh,Conv R=1/2,QPSK,2,0.5,20,0.004349,0.0,0.004349,1.0,1000000000.0
Rayleigh,Conv R=1/2,16-QAM,4,0.5,0,0.324935,0.4437,-0.118765,1.1126,2.5076
Rayleigh,Conv R=1/2,16-QAM,4,0.5,2,0.276895,0.404,-0.127105,1.192,2.9505
Rayleigh,Conv R=1/2,16-QAM,4,0.5,4,0.237053,0.3522,-0.115147,1.2956,3.6786
Rayleigh,Conv R=1/2,16-QAM,4,0.5,6,0.20196,0.273,-0.07104,1.454,5.326
Rayleigh,Conv R=1/2,16-QAM,4,0.5,8,0.157469,0.1872,-0.029731,1.6256,8.6838
Rayleigh,Conv R=1/2,16-QAM,4,0.5,10,0.122975,0.1078,0.015175,1.7844,16.5529
Rayleigh,Conv R=1/2,16-QAM,4,0.5,12,0.084983,0.0471,0.037883,1.9058,40.4628
Rayleigh,Conv R=1/2,16-QAM,4,0.5,14,0.064387,0.0264,0.037987,1.9472,73.7576
Rayleigh,Conv R=1/2,16-QAM,4,0.5,16,0.041942,0.0112,0.030742,1.9776,176.5714
Rayleigh,Conv R=1/2,16-QAM,4,0.5,18,0.024095,0.0031,0.020995,1.9938,643.1611
Rayleigh,Conv R=1/2,16-QAM,4,0.5,20,0.017097,0.0012,0.015897,1.9976,1664.6653
Rayleigh,Conv R=1/2,64-QAM,6,0.5,0,0.381224,0.4714,-0.090176,1.5858,3.364
Rayleigh,Conv R=1/2,64-QAM,6,0.5,2,0.365077,0.4522,-0.087123,1.6434,3.6342
Rayleigh,Conv R=1/2,64-QAM,6,0.5,4,0.34818,0.423,-0.07482,1.731,4.0922
Rayleigh,Conv R=1/2,64-QAM,6,0.5,6,0.328384,0.4056,-0.077216,1.7832,4.3964
Rayleigh,Conv R=1/2,64-QAM,6,0.5,8,0.302739,0.3663,-0.063561,1.9011,5.19
Rayleigh,Conv R=1/2,64-QAM,6,0.5,10,0.280444,0.3482,-0.067756,1.9554,5.6157
Rayleigh,Conv R=1/2,64-QAM,6,0.5,12,0.254699,0.2949,-0.040201,2.1153,7.1729
Rayleigh,Conv R=1/2,64-QAM,6,0.5,14,0.234703,0.2656,-0.030897,2.2032,8.2952
Rayleigh,Conv R=1/2,64-QAM,6,0.5,16,0.209708,0.2238,-0.014092,2.3286,10.4048
Rayleigh,Conv R=1/2,64-QAM,6,0.5,18,0.195811,0.1997,-0.003889,2.4009,12.0225
Rayleigh,Conv R=1/2,64-QAM,6,0.5,20,0.175265,0.1726,0.002665,2.4822,14.3812
